{
  "appKey": "",
  "appSecret": "",
  "encryptJs": true,
  "excludeScenes": [],
  "fb-instant-games": {},
  "includeAnySDK": false,
  "includeSDKBox": false,
  "inlineSpriteFrames": true,
  "inlineSpriteFrames_native": false,
  "jailbreakPlatform": false,
  "md5Cache": false,
  "mergeStartScene": false,
  "oauthLoginServer": "",
  "optimizeHotUpdate": false,
  "orientation": {
    "landscapeLeft": false,
    "landscapeRight": false,
    "portrait": true,
    "upsideDown": true
  },
  "packageName": "org.cocos2d.pearls",
  "privateKey": "",
  "qqplay": {
    "REMOTE_SERVER_ROOT": "",
    "orientation": "portrait"
  },
  "renderMode": "0",
  "startScene": "81623009-0a81-4ca2-9d4a-dc1726b387c7",
  "title": "Pearls",
  "webOrientation": "auto",
  "wechatgame": {
    "REMOTE_SERVER_ROOT": "",
    "appid": "wxe899d1fa261bf44c",
    "isSubdomain": false,
    "orientation": "portrait",
    "subContext": ""
  },
  "xxteaKey": "f878e2ab-e0d2-4a",
  "zipCompressJs": true
}